Adrian;Smith
Evan;Johnson
Jordan;Williams
Andrew;Brown
Max;Jones
Brandon;Garcia
Tyler;Miller
Jason;Davis
Chase;Rodriguez
Adam;Martinez
Justin;Hernandez
Robert;Lopez
Parker;Gonzales
Brian;Wilson
Ken;Anderson
Gavin;Thomas
Richard;Taylor
Jeremy;Moore
Matt;Jackson
Dominic;Martin
Chase;Lee
Zachary;Perez
Luis;Thompson
Tristan;White
Alexander;Harris
Jack;Sanchez
Charlie;Clark
Luke;Ramirez
Frank;Lewis
John;Robinson
Victor;Walker
Daniel;Young
Jacob;Allen
William;King
Conrad;Wright
Charles;Scott
Pastor;Torres
Samuel;Nguyen
Lily;Hill
Barbara;Flores
Rose;Green
Cadence;Adams
Eve;Nelson
Grace;Baker
Vera;Hall
Allison;Rivera
Sarah;Campbell
Lucy;Mitchell
Alexis;Carter
Taylor;Roberts
Gianna;Gomez
Alice;Phillips
Jasmine;Evans
Sophie;Turner
Lydia;Diaz
Claudia;Parker
Mila;Cruz
Caroline;Edwards
Gabriella;Collins
Audrey;Reyes
Madison;Stewart
Charlotte;Morris
Mia;Morales
Ava;Murphy
Emma;Cook
Olivia;Rogers
Harper;Gutierrez
Camila;Ortiz
Kelly;Morgan
Peggie;Cooper
Ellie;Peterson
Brooke;Bailey
Lynda;Reed
Cindy;Kelly
Naomi;Howard
